{
"lengthUnit": "mil",
"remark": [],
"components": {
	"fields": ["COMPONENT_NO", "COMPONENT_NAME", "LAYER", "X_COORDINATE", "Y_COORDINATE", "ANGLE"],
	"rows": [
		[1, "5V", "T", 1586.7447, -686.7925, 0],
		[2, "C1", "T", 1870, -390, 90],
		[3, "C2", "T", 1595, -305, 0],
		[4, "FB1", "T", 1715, -470, 0],
		[5, "GND", "T", 1966.1147, -686.7925, 0],
		[6, "HDR1", "T", 1019.84, -73.32, 0],
		[7, "SCL", "T", 1700.4847, -686.7925, 0],
		[8, "SDA", "T", 1829.8547, -686.7925, 0],
		[9, "TP1", "T", 1008.5825, -249.804, 0],
		[10, "TP2", "T", 914.2125, -249.804, 0],
		[11, "TP3", "T", 819.8425, -249.804, 0],
		[12, "U4", "T", 1750, -300, 180],
		[13, "PAD1", "T", 1870, -368.54, 0],
		[14, "PAD2", "T", 1870, -411.46, 0],
		[15, "PAD3", "T", 1616.46, -305, 0],
		[16, "PAD4", "T", 1573.54, -305, 0],
		[17, "PAD5", "T", 1736.46, -470, 0],
		[18, "PAD6", "T", 1693.54, -470, 0],
		[19, "PAD7", "T", 1801.18, -337.4, 0],
		[20, "PAD8", "T", 1801.18, -300, 0],
		[21, "PAD9", "T", 1801.18, -262.6, 0],
		[22, "PAD10", "T", 1698.82, -337.4, 0],
		[23, "PAD11", "T", 1008.5825, -249.804, 0],
		[24, "PAD12", "T", 914.2125, -249.804, 0],
		[25, "PAD13", "T", 819.8425, -249.804, 0],
		[26, "PAD14", "T", 69.84, -73.32, 0],
		[27, "PAD14", "B", 69.84, -73.32, 0],
		[28, "PAD15", "T", 169.84, -73.32, 0],
		[29, "PAD15", "B", 169.84, -73.32, 0],
		[30, "PAD16", "T", 269.84, -73.32, 0],
		[31, "PAD16", "B", 269.84, -73.32, 0],
		[32, "PAD17", "T", 369.84, -73.32, 0],
		[33, "PAD17", "B", 369.84, -73.32, 0],
		[34, "PAD18", "T", 469.84, -73.32, 0],
		[35, "PAD18", "B", 469.84, -73.32, 0],
		[36, "PAD19", "T", 569.84, -73.32, 0],
		[37, "PAD19", "B", 569.84, -73.32, 0],
		[38, "PAD20", "T", 669.84, -73.32, 0],
		[39, "PAD20", "B", 669.84, -73.32, 0],
		[40, "PAD21", "T", 769.84, -73.32, 0],
		[41, "PAD21", "B", 769.84, -73.32, 0],
		[42, "PAD22", "T", 869.84, -73.32, 0],
		[43, "PAD22", "B", 869.84, -73.32, 0],
		[44, "PAD23", "T", 969.84, -73.32, 0],
		[45, "PAD23", "B", 969.84, -73.32, 0],
		[46, "PAD24", "T", 1069.84, -73.32, 0],
		[47, "PAD24", "B", 1069.84, -73.32, 0],
		[48, "PAD25", "T", 1169.84, -73.32, 0],
		[49, "PAD25", "B", 1169.84, -73.32, 0],
		[50, "PAD26", "T", 1269.84, -73.32, 0],
		[51, "PAD26", "B", 1269.84, -73.32, 0],
		[52, "PAD27", "T", 1369.84, -73.32, 0],
		[53, "PAD27", "B", 1369.84, -73.32, 0],
		[54, "PAD28", "T", 1469.84, -73.32, 0],
		[55, "PAD28", "B", 1469.84, -73.32, 0],
		[56, "PAD29", "T", 1569.84, -73.32, 0],
		[57, "PAD29", "B", 1569.84, -73.32, 0],
		[58, "PAD30", "T", 1669.84, -73.32, 0],
		[59, "PAD30", "B", 1669.84, -73.32, 0],
		[60, "PAD31", "T", 1769.84, -73.32, 0],
		[61, "PAD31", "B", 1769.84, -73.32, 0],
		[62, "PAD32", "T", 1869.84, -73.32, 0],
		[63, "PAD32", "B", 1869.84, -73.32, 0],
		[64, "PAD33", "T", 1969.84, -73.32, 0],
		[65, "PAD33", "B", 1969.84, -73.32, 0],
		[66, "PAD34", "T", 1586.7447, -686.7925, 0],
		[67, "PAD35", "T", 1966.1147, -686.7925, 0],
		[68, "PAD36", "T", 1700.4847, -686.7925, 0],
		[69, "PAD37", "T", 1829.8547, -686.7925, 0]
	]
},
"pins": {
	"fields": ["PIN_NO", "PIN_NAME", "PIN_X", "PIN_Y", "LAYER", "PIN_TYPE", "NET_NAME", "NET_TYPE", "PAD_SHAPE", "PAD_SIZEX", "PAD_SIZEY", "HOLE_SIZE", "HOLE_LEN", "PAD_ANGLE"],
	"rows": [
		[1, "5V_1", 1586.7447, -686.7925, "T", "SMD", "5V", "", "O", 78.7402, 118.1102, 0, 0, 0],
		[2, "C1_1", 1870, -411.46, "T", "SMD", "GND", "GND", "R", 31.106, 21.26, 0, 0, 90],
		[3, "C1_2", 1870, -368.54, "T", "SMD", "$1N481", "", "R", 31.106, 21.26, 0, 0, 90],
		[4, "C2_1", 1573.54, -305, "T", "SMD", "GND", "GND", "R", 31.106, 21.26, 0, 0, 0],
		[5, "C2_2", 1616.46, -305, "T", "SMD", "3.3V", "", "R", 31.106, 21.26, 0, 0, 0],
		[6, "FB1_1", 1693.54, -470, "T", "SMD", "5V", "", "R", 31.106, 21.26, 0, 0, 0],
		[7, "FB1_2", 1736.46, -470, "T", "SMD", "$1N481", "", "R", 31.106, 21.26, 0, 0, 0],
		[8, "GND_1", 1966.1147, -686.7925, "T", "SMD", "GND", "GND", "O", 78.7402, 118.1102, 0, 0, 0],
		[9, "HDR1_1", 69.84, -73.32, "T", "DIP", "GND", "GND", "R", 62.992, 62.992, 41.338, 41.338, 0],
		[10, "HDR1_1", 69.84, -73.32, "B", "DIP", "GND", "GND", "R", 62.992, 62.992, 41.338, 41.338, 0],
		[11, "HDR1_2", 169.84, -73.32, "T", "DIP", "3.3V", "", "C", 62.992, 62.992, 41.338, 41.338, 0],
		[12, "HDR1_2", 169.84, -73.32, "B", "DIP", "3.3V", "", "C", 62.992, 62.992, 41.338, 41.338, 0],
		[13, "HDR1_3", 269.84, -73.32, "T", "DIP", "GND", "GND", "C", 62.992, 62.992, 41.338, 41.338, 0],
		[14, "HDR1_3", 269.84, -73.32, "B", "DIP", "GND", "GND", "C", 62.992, 62.992, 41.338, 41.338, 0],
		[15, "HDR1_4", 369.84, -73.32, "T", "DIP", "ADDR1", "", "C", 62.992, 62.992, 41.338, 41.338, 0],
		[16, "HDR1_4", 369.84, -73.32, "B", "DIP", "ADDR1", "", "C", 62.992, 62.992, 41.338, 41.338, 0],
		[17, "HDR1_5", 469.84, -73.32, "T", "DIP", "GND", "GND", "C", 62.992, 62.992, 41.338, 41.338, 0],
		[18, "HDR1_5", 469.84, -73.32, "B", "DIP", "GND", "GND", "C", 62.992, 62.992, 41.338, 41.338, 0],
		[19, "HDR1_6", 569.84, -73.32, "T", "DIP", "GND", "GND", "C", 62.992, 62.992, 41.338, 41.338, 0],
		[20, "HDR1_6", 569.84, -73.32, "B", "DIP", "GND", "GND", "C", 62.992, 62.992, 41.338, 41.338, 0],
		[21, "HDR1_7", 669.84, -73.32, "T", "DIP", "XSCL", "", "C", 62.992, 62.992, 41.338, 41.338, 0],
		[22, "HDR1_7", 669.84, -73.32, "B", "DIP", "XSCL", "", "C", 62.992, 62.992, 41.338, 41.338, 0],
		[23, "HDR1_8", 769.84, -73.32, "T", "DIP", "XSDA", "", "C", 62.992, 62.992, 41.338, 41.338, 0],
		[24, "HDR1_8", 769.84, -73.32, "B", "DIP", "XSDA", "", "C", 62.992, 62.992, 41.338, 41.338, 0],
		[25, "HDR1_9", 869.84, -73.32, "T", "DIP", "XSDA", "", "C", 62.992, 62.992, 41.338, 41.338, 0],
		[26, "HDR1_9", 869.84, -73.32, "B", "DIP", "XSDA", "", "C", 62.992, 62.992, 41.338, 41.338, 0],
		[27, "HDR1_10", 969.84, -73.32, "T", "DIP", "GND", "GND", "C", 62.992, 62.992, 41.338, 41.338, 0],
		[28, "HDR1_10", 969.84, -73.32, "B", "DIP", "GND", "GND", "C", 62.992, 62.992, 41.338, 41.338, 0],
		[29, "HDR1_11", 1069.84, -73.32, "T", "DIP", "GND", "GND", "C", 62.992, 62.992, 41.338, 41.338, 0],
		[30, "HDR1_11", 1069.84, -73.32, "B", "DIP", "GND", "GND", "C", 62.992, 62.992, 41.338, 41.338, 0],
		[31, "HDR1_12", 1169.84, -73.32, "T", "DIP", "GND", "GND", "C", 62.992, 62.992, 41.338, 41.338, 0],
		[32, "HDR1_12", 1169.84, -73.32, "B", "DIP", "GND", "GND", "C", 62.992, 62.992, 41.338, 41.338, 0],
		[33, "HDR1_13", 1269.84, -73.32, "T", "DIP", "GND", "GND", "C", 62.992, 62.992, 41.338, 41.338, 0],
		[34, "HDR1_13", 1269.84, -73.32, "B", "DIP", "GND", "GND", "C", 62.992, 62.992, 41.338, 41.338, 0],
		[35, "HDR1_14", 1369.84, -73.32, "T", "DIP", "GND", "GND", "C", 62.992, 62.992, 41.338, 41.338, 0],
		[36, "HDR1_14", 1369.84, -73.32, "B", "DIP", "GND", "GND", "C", 62.992, 62.992, 41.338, 41.338, 0],
		[37, "HDR1_15", 1469.84, -73.32, "T", "DIP", "GND", "GND", "C", 62.992, 62.992, 41.338, 41.338, 0],
		[38, "HDR1_15", 1469.84, -73.32, "B", "DIP", "GND", "GND", "C", 62.992, 62.992, 41.338, 41.338, 0],
		[39, "HDR1_16", 1569.84, -73.32, "T", "DIP", "3.3V", "", "C", 62.992, 62.992, 41.338, 41.338, 0],
		[40, "HDR1_16", 1569.84, -73.32, "B", "DIP", "3.3V", "", "C", 62.992, 62.992, 41.338, 41.338, 0],
		[41, "HDR1_17", 1669.84, -73.32, "T", "DIP", "GND", "GND", "C", 62.992, 62.992, 41.338, 41.338, 0],
		[42, "HDR1_17", 1669.84, -73.32, "B", "DIP", "GND", "GND", "C", 62.992, 62.992, 41.338, 41.338, 0],
		[43, "HDR1_18", 1769.84, -73.32, "T", "DIP", "3.3V", "", "C", 62.992, 62.992, 41.338, 41.338, 0],
		[44, "HDR1_18", 1769.84, -73.32, "B", "DIP", "3.3V", "", "C", 62.992, 62.992, 41.338, 41.338, 0],
		[45, "HDR1_19", 1869.84, -73.32, "T", "DIP", "GND", "GND", "C", 62.992, 62.992, 41.338, 41.338, 0],
		[46, "HDR1_19", 1869.84, -73.32, "B", "DIP", "GND", "GND", "C", 62.992, 62.992, 41.338, 41.338, 0],
		[47, "HDR1_20", 1969.84, -73.32, "T", "DIP", "GND", "GND", "C", 62.992, 62.992, 41.338, 41.338, 0],
		[48, "HDR1_20", 1969.84, -73.32, "B", "DIP", "GND", "GND", "C", 62.992, 62.992, 41.338, 41.338, 0],
		[49, "SCL_1", 1700.4847, -686.7925, "T", "SMD", "XSCL", "", "O", 78.7402, 118.1102, 0, 0, 0],
		[50, "SDA_1", 1829.8547, -686.7925, "T", "SMD", "XSDA", "", "O", 78.7402, 118.1102, 0, 0, 0],
		[51, "TP1_1", 1008.5825, -249.804, "T", "SMD", "GND", "GND", "R", 78.7402, 78.7402, 0, 0, 0],
		[52, "TP2_1", 914.2125, -249.804, "T", "SMD", "ADDR1", "", "R", 78.7402, 78.7402, 0, 0, 0],
		[53, "TP3_1", 819.8425, -249.804, "T", "SMD", "3.3V", "", "R", 78.7402, 78.7402, 0, 0, 0],
		[54, "U4_1", 1801.18, -337.4, "T", "SMD", "$1N481", "", "R", 19.685, 35.433, 0, 0, 90],
		[55, "U4_2", 1801.18, -300, "T", "SMD", "GND", "GND", "R", 19.685, 35.433, 0, 0, 90],
		[56, "U4_3", 1801.18, -262.6, "T", "SMD", "$1N481", "", "R", 19.685, 35.433, 0, 0, 90],
		[57, "U4_4", 1698.82, -262.6, "T", "SMD", "NET_1", "", "R", 19.685, 35.433, 0, 0, 90],
		[58, "U4_5", 1698.82, -337.4, "T", "SMD", "3.3V", "", "R", 19.685, 35.433, 0, 0, 90],
		[59, "PAD1_2", 1870, -368.54, "T", "SMD", "$1N481", "", "R", 31.106, 21.26, 0, 0, 90],
		[60, "PAD2_1", 1870, -411.46, "T", "SMD", "GND", "GND", "R", 31.106, 21.26, 0, 0, 90],
		[61, "PAD3_2", 1616.46, -305, "T", "SMD", "3.3V", "", "R", 31.106, 21.26, 0, 0, 0],
		[62, "PAD4_1", 1573.54, -305, "T", "SMD", "GND", "GND", "R", 31.106, 21.26, 0, 0, 0],
		[63, "PAD5_2", 1736.46, -470, "T", "SMD", "$1N481", "", "R", 31.106, 21.26, 0, 0, 0],
		[64, "PAD6_1", 1693.54, -470, "T", "SMD", "5V", "", "R", 31.106, 21.26, 0, 0, 0],
		[65, "PAD7_1", 1801.18, -337.4, "T", "SMD", "$1N481", "", "R", 19.685, 35.433, 0, 0, 90],
		[66, "PAD8_2", 1801.18, -300, "T", "SMD", "GND", "GND", "R", 19.685, 35.433, 0, 0, 90],
		[67, "PAD9_3", 1801.18, -262.6, "T", "SMD", "$1N481", "", "R", 19.685, 35.433, 0, 0, 90],
		[68, "PAD10_5", 1698.82, -337.4, "T", "SMD", "3.3V", "", "R", 19.685, 35.433, 0, 0, 90],
		[69, "PAD11_1", 1008.5825, -249.804, "T", "SMD", "GND", "GND", "R", 78.7402, 78.7402, 0, 0, 0],
		[70, "PAD12_1", 914.2125, -249.804, "T", "SMD", "ADDR1", "", "R", 78.7402, 78.7402, 0, 0, 0],
		[71, "PAD13_1", 819.8425, -249.804, "T", "SMD", "3.3V", "", "R", 78.7402, 78.7402, 0, 0, 0],
		[72, "PAD14_1", 69.84, -73.32, "T", "DIP", "GND", "GND", "R", 62.992, 62.992, 41.338, 41.338, 0],
		[73, "PAD14_1", 69.84, -73.32, "B", "DIP", "GND", "GND", "R", 62.992, 62.992, 41.338, 41.338, 0],
		[74, "PAD15_2", 169.84, -73.32, "T", "DIP", "3.3V", "", "C", 62.992, 62.992, 41.338, 41.338, 0],
		[75, "PAD15_2", 169.84, -73.32, "B", "DIP", "3.3V", "", "C", 62.992, 62.992, 41.338, 41.338, 0],
		[76, "PAD16_3", 269.84, -73.32, "T", "DIP", "GND", "GND", "C", 62.992, 62.992, 41.338, 41.338, 0],
		[77, "PAD16_3", 269.84, -73.32, "B", "DIP", "GND", "GND", "C", 62.992, 62.992, 41.338, 41.338, 0],
		[78, "PAD17_4", 369.84, -73.32, "T", "DIP", "ADDR1", "", "C", 62.992, 62.992, 41.338, 41.338, 0],
		[79, "PAD17_4", 369.84, -73.32, "B", "DIP", "ADDR1", "", "C", 62.992, 62.992, 41.338, 41.338, 0],
		[80, "PAD18_5", 469.84, -73.32, "T", "DIP", "GND", "GND", "C", 62.992, 62.992, 41.338, 41.338, 0],
		[81, "PAD18_5", 469.84, -73.32, "B", "DIP", "GND", "GND", "C", 62.992, 62.992, 41.338, 41.338, 0],
		[82, "PAD19_6", 569.84, -73.32, "T", "DIP", "GND", "GND", "C", 62.992, 62.992, 41.338, 41.338, 0],
		[83, "PAD19_6", 569.84, -73.32, "B", "DIP", "GND", "GND", "C", 62.992, 62.992, 41.338, 41.338, 0],
		[84, "PAD20_7", 669.84, -73.32, "T", "DIP", "XSCL", "", "C", 62.992, 62.992, 41.338, 41.338, 0],
		[85, "PAD20_7", 669.84, -73.32, "B", "DIP", "XSCL", "", "C", 62.992, 62.992, 41.338, 41.338, 0],
		[86, "PAD21_8", 769.84, -73.32, "T", "DIP", "XSDA", "", "C", 62.992, 62.992, 41.338, 41.338, 0],
		[87, "PAD21_8", 769.84, -73.32, "B", "DIP", "XSDA", "", "C", 62.992, 62.992, 41.338, 41.338, 0],
		[88, "PAD22_9", 869.84, -73.32, "T", "DIP", "XSDA", "", "C", 62.992, 62.992, 41.338, 41.338, 0],
		[89, "PAD22_9", 869.84, -73.32, "B", "DIP", "XSDA", "", "C", 62.992, 62.992, 41.338, 41.338, 0],
		[90, "PAD23_10", 969.84, -73.32, "T", "DIP", "GND", "GND", "C", 62.992, 62.992, 41.338, 41.338, 0],
		[91, "PAD23_10", 969.84, -73.32, "B", "DIP", "GND", "GND", "C", 62.992, 62.992, 41.338, 41.338, 0],
		[92, "PAD24_11", 1069.84, -73.32, "T", "DIP", "GND", "GND", "C", 62.992, 62.992, 41.338, 41.338, 0],
		[93, "PAD24_11", 1069.84, -73.32, "B", "DIP", "GND", "GND", "C", 62.992, 62.992, 41.338, 41.338, 0],
		[94, "PAD25_12", 1169.84, -73.32, "T", "DIP", "GND", "GND", "C", 62.992, 62.992, 41.338, 41.338, 0],
		[95, "PAD25_12", 1169.84, -73.32, "B", "DIP", "GND", "GND", "C", 62.992, 62.992, 41.338, 41.338, 0],
		[96, "PAD26_13", 1269.84, -73.32, "T", "DIP", "GND", "GND", "C", 62.992, 62.992, 41.338, 41.338, 0],
		[97, "PAD26_13", 1269.84, -73.32, "B", "DIP", "GND", "GND", "C", 62.992, 62.992, 41.338, 41.338, 0],
		[98, "PAD27_14", 1369.84, -73.32, "T", "DIP", "GND", "GND", "C", 62.992, 62.992, 41.338, 41.338, 0],
		[99, "PAD27_14", 1369.84, -73.32, "B", "DIP", "GND", "GND", "C", 62.992, 62.992, 41.338, 41.338, 0],
		[100, "PAD28_15", 1469.84, -73.32, "T", "DIP", "GND", "GND", "C", 62.992, 62.992, 41.338, 41.338, 0],
		[101, "PAD28_15", 1469.84, -73.32, "B", "DIP", "GND", "GND", "C", 62.992, 62.992, 41.338, 41.338, 0],
		[102, "PAD29_16", 1569.84, -73.32, "T", "DIP", "3.3V", "", "C", 62.992, 62.992, 41.338, 41.338, 0],
		[103, "PAD29_16", 1569.84, -73.32, "B", "DIP", "3.3V", "", "C", 62.992, 62.992, 41.338, 41.338, 0],
		[104, "PAD30_17", 1669.84, -73.32, "T", "DIP", "GND", "GND", "C", 62.992, 62.992, 41.338, 41.338, 0],
		[105, "PAD30_17", 1669.84, -73.32, "B", "DIP", "GND", "GND", "C", 62.992, 62.992, 41.338, 41.338, 0],
		[106, "PAD31_18", 1769.84, -73.32, "T", "DIP", "3.3V", "", "C", 62.992, 62.992, 41.338, 41.338, 0],
		[107, "PAD31_18", 1769.84, -73.32, "B", "DIP", "3.3V", "", "C", 62.992, 62.992, 41.338, 41.338, 0],
		[108, "PAD32_19", 1869.84, -73.32, "T", "DIP", "GND", "GND", "C", 62.992, 62.992, 41.338, 41.338, 0],
		[109, "PAD32_19", 1869.84, -73.32, "B", "DIP", "GND", "GND", "C", 62.992, 62.992, 41.338, 41.338, 0],
		[110, "PAD33_20", 1969.84, -73.32, "T", "DIP", "GND", "GND", "C", 62.992, 62.992, 41.338, 41.338, 0],
		[111, "PAD33_20", 1969.84, -73.32, "B", "DIP", "GND", "GND", "C", 62.992, 62.992, 41.338, 41.338, 0],
		[112, "PAD34_1", 1586.7447, -686.7925, "T", "SMD", "5V", "", "O", 78.7402, 118.1102, 0, 0, 0],
		[113, "PAD35_1", 1966.1147, -686.7925, "T", "SMD", "GND", "GND", "O", 78.7402, 118.1102, 0, 0, 0],
		[114, "PAD36_1", 1700.4847, -686.7925, "T", "SMD", "XSCL", "", "O", 78.7402, 118.1102, 0, 0, 0],
		[115, "PAD37_1", 1829.8547, -686.7925, "T", "SMD", "XSDA", "", "O", 78.7402, 118.1102, 0, 0, 0]
	]
}
}